game_id,date,home_team,away_team,home_score,away_score,status,home_wins,away_wins,home_losses,away_losses,season_home_win_pct,season_away_win_pct,home_rest_days,away_rest_days,home_is_back_to_back,away_is_back_to_back,score_diff
401810703,2026-02-26,Indiana Pacers,Charlotte Hornets,109,133,Final,15,29,45,31,0.25,0.483,7,7,0,0,-24
401810704,2026-02-26,Philadelphia 76ers,Miami Heat,124,117,Final,33,31,26,29,0.559,0.517,7,7,0,0,7
401810705,2026-02-26,Atlanta Hawks,Washington Wizards,126,96,Final,30,16,31,42,0.492,0.276,7,7,0,0,30
401810706,2026-02-26,Brooklyn Nets,San Antonio Spurs,110,126,Final,15,43,43,16,0.259,0.729,7,7,0,0,-16
401810707,2026-02-26,Orlando Magic,Houston Rockets,108,113,Final,31,37,27,21,0.534,0.638,7,7,0,0,-5
401810708,2026-02-26,Chicago Bulls,Portland Trail Blazers,112,121,Final,24,29,36,31,0.4,0.483,7,7,0,0,-9
401810709,2026-02-26,Dallas Mavericks,Sacramento Kings,121,130,Final,21,14,37,47,0.362,0.23,7,7,0,0,-9
401810710,2026-02-26,Phoenix Suns,Los Angeles Lakers,113,110,Final,34,34,26,24,0.567,0.586,7,7,0,0,3
401810711,2026-02-26,Utah Jazz,New Orleans Pelicans,118,129,Final,18,18,41,42,0.305,0.3,7,7,0,0,-11
401810712,2026-02-26,LA Clippers,Minnesota Timberwolves,88,94,Final,27,37,31,23,0.466,0.617,7,7,0,0,-6
401810713,2026-02-27,Detroit Pistons,Cleveland Cavaliers,122,119,Final,44,37,14,24,0.759,0.607,7,7,0,0,3
401810714,2026-02-27,Boston Celtics,Brooklyn Nets,148,111,Final,39,15,20,44,0.661,0.254,7,1,0,1,37
401810715,2026-02-27,Milwaukee Bucks,New York Knicks,98,127,Final,26,38,32,22,0.448,0.633,7,7,0,0,-29
401810716,2026-02-27,Dallas Mavericks,Memphis Grizzlies,105,124,Final,21,22,38,36,0.356,0.379,1,7,1,0,-19
401810717,2026-02-27,Oklahoma City Thunder,Denver Nuggets,127,121,Final,46,37,15,23,0.754,0.617,7,7,0,0,6
401810718,2026-02-28,Charlotte Hornets,Portland Trail Blazers,109,93,Final,30,29,31,32,0.492,0.475,2,2,0,0,16
401810719,2026-02-28,Miami Heat,Houston Rockets,115,105,Final,32,37,29,22,0.525,0.627,2,2,0,0,10
401810720,2026-02-28,Washington Wizards,Toronto Raptors,125,134,Final,16,35,43,25,0.271,0.583,2,7,0,0,-9
401810721,2026-02-28,Golden State Warriors,Los Angeles Lakers,101,129,Final,31,35,29,24,0.517,0.593,7,2,0,0,-28
401810722,2026-02-28,Utah Jazz,New Orleans Pelicans,105,115,Final,18,19,42,42,0.3,0.311,2,2,0,0,-10
401810723,2026-03-01,New York Knicks,San Antonio Spurs,114,89,Final,39,43,22,17,0.639,0.717,2,3,0,0,25
401810724,2026-03-01,Brooklyn Nets,Cleveland Cavaliers,102,106,Final,15,38,45,24,0.25,0.613,2,2,0,0,-4
401810725,2026-03-01,Chicago Bulls,Milwaukee Bucks,120,97,Final,25,26,36,33,0.41,0.441,3,2,0,0,23
401810726,2026-03-01,Denver Nuggets,Minnesota Timberwolves,108,117,Final,37,38,24,23,0.607,0.623,2,3,0,0,-9
401810727,2026-03-01,Indiana Pacers,Memphis Grizzlies,106,125,Final,15,23,46,36,0.246,0.39,3,2,0,0,-19
401810728,2026-03-01,Atlanta Hawks,Portland Trail Blazers,135,101,Final,31,29,31,33,0.5,0.468,3,1,0,1,34
401810730,2026-03-01,Orlando Magic,Detroit Pistons,92,106,Final,31,45,28,14,0.525,0.763,3,2,0,0,-14
401810729,2026-03-01,Boston Celtics,Philadelphia 76ers,114,98,Final,40,33,20,27,0.667,0.55,2,3,0,0,16
401810731,2026-03-01,Dallas Mavericks,Oklahoma City Thunder,87,100,Final,21,47,39,15,0.35,0.758,2,2,0,0,-13
401810732,2026-03-01,LA Clippers,New Orleans Pelicans,137,117,Final,28,19,31,43,0.475,0.306,3,1,0,1,20
401810733,2026-03-01,Los Angeles Lakers,Sacramento Kings,128,104,Final,36,14,24,48,0.6,0.226,1,3,1,0,24
401810734,2026-03-02,Washington Wizards,Houston Rockets,118,123,Final,16,38,44,22,0.267,0.633,2,2,0,0,-5
401810735,2026-03-02,Milwaukee Bucks,Boston Celtics,81,108,Final,26,41,34,20,0.433,0.672,1,1,1,1,-27
401810736,2026-03-02,Utah Jazz,Denver Nuggets,125,128,Final,18,38,43,24,0.295,0.613,2,1,0,1,-3
401810737,2026-03-02,Golden State Warriors,LA Clippers,101,114,Final,31,29,30,31,0.508,0.483,2,1,0,1,-13
401810738,2026-03-03,Charlotte Hornets,Dallas Mavericks,117,90,Final,31,21,31,40,0.5,0.344,3,2,0,0,27
401810739,2026-03-03,Cleveland Cavaliers,Detroit Pistons,113,109,Final,39,45,24,15,0.619,0.75,2,2,0,0,4
401810740,2026-03-03,Orlando Magic,Washington Wizards,126,109,Final,32,16,28,45,0.533,0.262,2,1,0,1,17
401810741,2026-03-03,Miami Heat,Brooklyn Nets,124,98,Final,33,15,29,46,0.532,0.246,3,2,0,0,26
401810742,2026-03-03,Toronto Raptors,New York Knicks,95,111,Final,35,40,26,22,0.574,0.645,3,2,0,0,-16
401810743,2026-03-03,Philadelphia 76ers,San Antonio Spurs,91,131,Final,33,44,28,17,0.541,0.721,2,2,0,0,-40
401810744,2026-03-03,Chicago Bulls,Oklahoma City Thunder,108,116,Final,25,48,37,15,0.403,0.762,2,2,0,0,-8
401810745,2026-03-03,Minnesota Timberwolves,Memphis Grizzlies,117,110,Final,39,23,23,37,0.629,0.383,2,2,0,0,7
401810746,2026-03-03,Los Angeles Lakers,New Orleans Pelicans,110,101,Final,37,19,24,44,0.607,0.302,2,2,0,0,9
401810747,2026-03-03,Sacramento Kings,Phoenix Suns,103,114,Final,14,35,49,26,0.222,0.574,2,5,0,0,-11
401810748,2026-03-04,New York Knicks,Oklahoma City Thunder,100,103,Final,40,49,23,15,0.635,0.766,1,1,1,1,-3
401810749,2026-03-04,Boston Celtics,Charlotte Hornets,89,118,Final,41,32,21,31,0.661,0.508,2,1,0,1,-29
401810750,2026-03-04,Philadelphia 76ers,Utah Jazz,106,102,Final,34,18,28,44,0.548,0.29,1,2,1,0,4
401810751,2026-03-04,Memphis Grizzlies,Portland Trail Blazers,114,122,Final,23,30,38,33,0.377,0.476,1,3,1,0,-8
401810752,2026-03-04,Milwaukee Bucks,Atlanta Hawks,113,131,Final,26,32,35,31,0.426,0.508,2,3,0,0,-18
401810753,2026-03-04,LA Clippers,Indiana Pacers,130,107,Final,30,15,31,47,0.492,0.242,2,3,0,0,23
401810754,2026-03-05,Orlando Magic,Dallas Mavericks,115,114,Final,33,21,28,41,0.541,0.339,2,2,0,0,1
401810755,2026-03-05,Washington Wizards,Utah Jazz,112,122,Final,16,19,46,44,0.258,0.302,2,1,0,1,-10
401810756,2026-03-05,Miami Heat,Brooklyn Nets,126,110,Final,34,15,29,47,0.54,0.242,2,2,0,0,16
401810757,2026-03-05,Houston Rockets,Golden State Warriors,113,115,Final,38,32,23,30,0.623,0.516,3,3,0,0,-2
401810758,2026-03-05,Minnesota Timberwolves,Toronto Raptors,115,107,Final,40,35,23,27,0.635,0.565,2,2,0,0,8
401810759,2026-03-05,San Antonio Spurs,Detroit Pistons,121,106,Final,45,45,17,16,0.726,0.738,2,2,0,0,15
401810760,2026-03-05,Phoenix Suns,Chicago Bulls,103,105,Final,35,26,27,37,0.565,0.413,2,2,0,0,-2
401810761,2026-03-05,Denver Nuggets,Los Angeles Lakers,120,113,Final,39,37,24,25,0.619,0.597,3,2,0,0,7
401810762,2026-03-05,Sacramento Kings,New Orleans Pelicans,123,133,Final,14,20,50,44,0.219,0.312,2,2,0,0,-10
401810763,2026-03-06,Boston Celtics,Dallas Mavericks,120,100,Final,42,21,21,42,0.667,0.333,2,1,0,1,20
401810764,2026-03-06,Charlotte Hornets,Miami Heat,120,128,Final,32,35,32,29,0.5,0.547,2,1,0,1,-8
401810765,2026-03-06,Houston Rockets,Portland Trail Blazers,106,99,Final,39,30,23,34,0.629,0.469,1,2,1,0,7
401810766,2026-03-06,Denver Nuggets,New York Knicks,103,142,Final,39,41,25,23,0.609,0.641,1,2,1,0,-39
401810767,2026-03-06,Phoenix Suns,New Orleans Pelicans,118,116,Final,36,20,27,45,0.571,0.308,1,1,1,1,2
401810768,2026-03-06,San Antonio Spurs,LA Clippers,116,112,Final,46,30,17,32,0.73,0.484,1,2,1,0,4
401810769,2026-03-06,Los Angeles Lakers,Indiana Pacers,128,117,Final,38,15,25,48,0.603,0.238,1,2,1,0,11
401810770,2026-03-07,Minnesota Timberwolves,Orlando Magic,92,119,Final,40,34,24,28,0.625,0.548,2,2,0,0,-27
401810771,2026-03-07,Detroit Pistons,Brooklyn Nets,105,107,Final,45,16,17,47,0.726,0.254,2,2,0,0,-2
401810772,2026-03-07,Atlanta Hawks,Philadelphia 76ers,125,116,Final,33,34,31,29,0.516,0.54,3,3,0,0,9
401810773,2026-03-07,Memphis Grizzlies,LA Clippers,120,123,Final,23,31,39,32,0.371,0.492,3,1,0,1,-3
401810774,2026-03-07,Milwaukee Bucks,Utah Jazz,113,99,Final,27,19,35,45,0.435,0.297,3,2,0,0,14
401810775,2026-03-07,Oklahoma City Thunder,Golden State Warriors,104,97,Final,50,32,15,31,0.769,0.508,3,2,0,0,7
401810776,2026-03-08,Cleveland Cavaliers,Boston Celtics,98,109,Final,39,43,25,21,0.609,0.672,5,2,0,0,-11
401810777,2026-03-08,Los Angeles Lakers,New York Knicks,110,97,Final,39,41,25,24,0.609,0.631,2,2,0,0,13
401810778,2026-03-08,Miami Heat,Detroit Pistons,121,110,Final,36,45,29,18,0.554,0.714,2,1,0,1,11
401810779,2026-03-08,Toronto Raptors,Dallas Mavericks,122,92,Final,36,21,27,43,0.571,0.328,3,2,0,0,30
401810780,2026-03-08,New Orleans Pelicans,Washington Wizards,138,118,Final,21,16,45,47,0.318,0.254,2,3,0,0,20
401810781,2026-03-08,Milwaukee Bucks,Orlando Magic,91,130,Final,27,35,36,28,0.429,0.556,1,1,1,1,-39
401810782,2026-03-08,San Antonio Spurs,Houston Rockets,145,120,Final,47,39,17,24,0.734,0.619,2,2,0,0,25
401810784,2026-03-08,Portland Trail Blazers,Indiana Pacers,131,111,Final,31,15,34,49,0.477,0.234,2,2,0,0,20
401810785,2026-03-08,Sacramento Kings,Chicago Bulls,126,110,Final,15,26,50,38,0.231,0.406,3,3,0,0,16
401810783,2026-03-08,Phoenix Suns,Charlotte Hornets,111,99,Final,37,32,27,33,0.578,0.492,2,2,0,0,12
401810786,2026-03-09,Cleveland Cavaliers,Philadelphia 76ers,115,101,Final,40,34,25,30,0.615,0.531,1,2,1,0,14
401810787,2026-03-09,Brooklyn Nets,Memphis Grizzlies,126,115,Final,17,23,47,40,0.266,0.365,2,2,0,0,11
401810788,2026-03-09,Oklahoma City Thunder,Denver Nuggets,129,126,Final,51,39,15,26,0.773,0.6,2,3,0,0,3
401810789,2026-03-09,Utah Jazz,Golden State Warriors,119,116,Final,20,32,45,32,0.308,0.5,2,2,0,0,3
401810790,2026-03-09,LA Clippers,New York Knicks,126,118,Final,32,41,32,25,0.5,0.621,2,1,0,1,8
401810791,2026-03-10,Philadelphia 76ers,Memphis Grizzlies,139,129,Final,35,23,30,41,0.538,0.359,1,1,1,1,10
401810792,2026-03-10,Brooklyn Nets,Detroit Pistons,100,138,Final,17,46,48,18,0.262,0.719,1,2,1,0,-38
401810793,2026-03-10,Miami Heat,Washington Wizards,150,129,Final,37,16,29,48,0.561,0.25,2,2,0,0,21
401810794,2026-03-10,Atlanta Hawks,Dallas Mavericks,124,112,Final,34,21,31,44,0.523,0.323,3,2,0,0,12
401810795,2026-03-10,Houston Rockets,Toronto Raptors,113,99,Final,40,36,24,28,0.625,0.562,2,2,0,0,14
401810796,2026-03-10,Milwaukee Bucks,Phoenix Suns,114,129,Final,27,38,37,27,0.422,0.585,2,2,0,0,-15
401810797,2026-03-10,San Antonio Spurs,Boston Celtics,125,116,Final,48,43,17,22,0.738,0.662,2,2,0,0,9
401810798,2026-03-10,Golden State Warriors,Chicago Bulls,124,130,Final,32,27,33,38,0.492,0.415,1,2,1,0,-6
401810799,2026-03-10,Portland Trail Blazers,Charlotte Hornets,101,103,Final,31,33,35,33,0.47,0.5,2,2,0,0,-2
401810800,2026-03-10,Sacramento Kings,Indiana Pacers,114,109,Final,16,15,50,50,0.242,0.231,2,2,0,0,5
401810801,2026-03-10,Los Angeles Lakers,Minnesota Timberwolves,120,106,Final,40,40,25,25,0.615,0.615,2,3,0,0,14
401810802,2026-03-11,Orlando Magic,Cleveland Cavaliers,128,122,Final,36,40,28,26,0.562,0.606,3,2,0,0,6
401810803,2026-03-11,New Orleans Pelicans,Toronto Raptors,122,111,Final,22,36,45,29,0.328,0.554,3,1,0,1,11
401810804,2026-03-11,Utah Jazz,New York Knicks,117,134,Final,20,42,46,25,0.303,0.627,2,2,0,0,-17
401810805,2026-03-11,Denver Nuggets,Houston Rockets,129,93,Final,40,40,26,25,0.606,0.615,2,1,0,1,36
401810806,2026-03-11,Sacramento Kings,Charlotte Hornets,109,117,Final,16,34,51,33,0.239,0.507,1,1,1,1,-8
401810807,2026-03-11,LA Clippers,Minnesota Timberwolves,153,128,Final,33,40,32,26,0.508,0.606,2,1,0,1,25
401810808,2026-03-12,Detroit Pistons,Philadelphia 76ers,131,109,Final,47,35,18,31,0.723,0.53,2,2,0,0,22
401810809,2026-03-12,Indiana Pacers,Phoenix Suns,108,123,Final,15,39,51,27,0.227,0.591,2,2,0,0,-15
401810810,2026-03-12,Orlando Magic,Washington Wizards,136,131,Final,37,16,28,49,0.569,0.246,1,2,1,0,5
401810811,2026-03-12,Atlanta Hawks,Brooklyn Nets,108,97,Final,35,17,31,49,0.53,0.258,2,2,0,0,11
401810812,2026-03-12,Miami Heat,Milwaukee Bucks,112,105,Final,38,27,29,38,0.567,0.415,2,2,0,0,7
401810966,2026-03-12,Memphis Grizzlies,Dallas Mavericks,112,120,Final,23,22,42,44,0.354,0.333,2,2,0,0,-8
401810813,2026-03-12,San Antonio Spurs,Denver Nuggets,131,136,Final,48,41,18,26,0.727,0.612,2,1,0,1,-5
401810814,2026-03-12,Oklahoma City Thunder,Boston Celtics,104,102,Final,52,43,15,23,0.776,0.652,3,2,0,0,2
401810815,2026-03-12,Los Angeles Lakers,Chicago Bulls,142,130,Final,41,27,25,39,0.621,0.409,2,2,0,0,12
401810816,2026-03-13,Detroit Pistons,Memphis Grizzlies,126,110,Final,48,23,18,43,0.727,0.348,1,1,1,1,16
401810817,2026-03-13,Indiana Pacers,New York Knicks,92,101,Final,15,43,52,25,0.224,0.632,1,2,1,0,-9
401810818,2026-03-13,Toronto Raptors,Phoenix Suns,122,115,Final,37,39,29,28,0.561,0.582,2,1,0,1,7
401810820,2026-03-13,Dallas Mavericks,Cleveland Cavaliers,105,138,Final,22,41,45,26,0.328,0.612,1,2,1,0,-33
401810819,2026-03-13,Houston Rockets,New Orleans Pelicans,107,105,Final,41,22,25,46,0.621,0.324,2,2,0,0,2
401810821,2026-03-13,Golden State Warriors,Minnesota Timberwolves,117,127,Final,32,41,34,26,0.485,0.612,3,2,0,0,-10
401810822,2026-03-13,Portland Trail Blazers,Utah Jazz,124,114,Final,32,20,35,47,0.478,0.299,3,2,0,0,10
401810823,2026-03-13,LA Clippers,Chicago Bulls,119,108,Final,34,27,32,40,0.515,0.403,2,1,0,1,11
401810824,2026-03-14,Philadelphia 76ers,Brooklyn Nets,104,97,Final,36,17,31,50,0.537,0.254,2,2,0,0,7
401810825,2026-03-14,Atlanta Hawks,Milwaukee Bucks,122,99,Final,36,27,31,39,0.537,0.409,2,2,0,0,23
401810828,2026-03-14,San Antonio Spurs,Charlotte Hornets,115,102,Final,49,34,18,34,0.731,0.5,2,3,0,0,13
401810826,2026-03-14,Boston Celtics,Washington Wizards,111,100,Final,44,16,23,50,0.657,0.242,2,2,0,0,11
401810827,2026-03-14,Miami Heat,Orlando Magic,117,121,Final,38,38,30,28,0.559,0.576,2,2,0,0,-4
401810829,2026-03-14,Los Angeles Lakers,Denver Nuggets,127,125,Final,42,41,25,27,0.627,0.603,2,2,0,0,2
401810830,2026-03-14,LA Clippers,Sacramento Kings,109,118,Final,34,17,33,51,0.507,0.25,1,3,1,0,-9
401810831,2026-03-15,Oklahoma City Thunder,Minnesota Timberwolves,116,103,Final,53,41,15,27,0.779,0.603,3,2,0,0,13
401810832,2026-03-15,Cleveland Cavaliers,Dallas Mavericks,120,130,Final,41,23,27,45,0.603,0.338,2,2,0,0,-10
401810833,2026-03-15,Toronto Raptors,Detroit Pistons,119,108,Final,38,48,29,19,0.567,0.716,2,2,0,0,11
401810834,2026-03-15,Milwaukee Bucks,Indiana Pacers,134,123,Final,28,15,39,53,0.418,0.221,1,2,1,0,11
401810835,2026-03-15,Philadelphia 76ers,Portland Trail Blazers,109,103,Final,37,32,31,36,0.544,0.471,1,2,1,0,6
401810836,2026-03-15,New York Knicks,Golden State Warriors,110,107,Final,44,32,25,35,0.638,0.478,2,2,0,0,3
401810837,2026-03-15,Sacramento Kings,Utah Jazz,116,111,Final,18,20,51,48,0.261,0.294,1,2,1,0,5
401810838,2026-03-16,Atlanta Hawks,Orlando Magic,124,112,Final,37,38,31,29,0.544,0.567,2,2,0,0,12
401810839,2026-03-16,Washington Wizards,Golden State Warriors,117,125,Final,16,33,51,35,0.239,0.485,2,1,0,1,-8
401810840,2026-03-16,Brooklyn Nets,Portland Trail Blazers,95,114,Final,17,33,51,36,0.25,0.478,2,1,0,1,-19
401810841,2026-03-16,Boston Celtics,Phoenix Suns,120,112,Final,45,39,23,29,0.662,0.574,2,3,0,0,8
401810842,2026-03-16,Chicago Bulls,Memphis Grizzlies,132,107,Final,28,23,40,44,0.412,0.343,3,3,0,0,25
401810843,2026-03-16,New Orleans Pelicans,Dallas Mavericks,129,111,Final,23,23,46,46,0.333,0.333,3,1,0,1,18
401810844,2026-03-16,Houston Rockets,Los Angeles Lakers,92,100,Final,41,43,26,25,0.612,0.632,3,2,0,0,-8
401810845,2026-03-16,LA Clippers,San Antonio Spurs,115,119,Final,34,50,34,18,0.5,0.735,2,2,0,0,-4
401810846,2026-03-17,Charlotte Hornets,Miami Heat,136,106,Final,35,38,34,31,0.507,0.551,3,3,0,0,30
401810847,2026-03-17,Orlando Magic,Oklahoma City Thunder,108,113,Final,38,54,30,15,0.559,0.783,1,2,1,0,-5
401810848,2026-03-17,Washington Wizards,Detroit Pistons,117,130,Final,16,49,52,19,0.235,0.721,1,2,1,0,-13
401810849,2026-03-17,New York Knicks,Indiana Pacers,136,110,Final,45,15,25,54,0.643,0.217,2,2,0,0,26
401810850,2026-03-17,Milwaukee Bucks,Cleveland Cavaliers,116,123,Final,28,42,40,27,0.412,0.609,2,2,0,0,-7
401810851,2026-03-17,Minnesota Timberwolves,Phoenix Suns,116,104,Final,42,39,27,30,0.609,0.565,2,1,0,1,12
401810852,2026-03-17,Denver Nuggets,Philadelphia 76ers,124,96,Final,42,37,27,32,0.609,0.536,3,2,0,0,28
401810853,2026-03-17,Sacramento Kings,San Antonio Spurs,104,132,Final,18,51,52,18,0.257,0.739,2,1,0,1,-28
401810854,2026-03-18,Boston Celtics,Golden State Warriors,120,99,Final,46,33,23,36,0.667,0.478,2,2,0,0,21
401810855,2026-03-18,Brooklyn Nets,Oklahoma City Thunder,92,121,Final,17,55,52,15,0.246,0.786,2,1,0,1,-29
401810856,2026-03-18,Indiana Pacers,Portland Trail Blazers,119,127,Final,15,34,55,36,0.214,0.486,1,2,1,0,-8
401810857,2026-03-18,Chicago Bulls,Toronto Raptors,109,139,Final,28,39,41,29,0.406,0.574,2,3,0,0,-30
401810859,2026-03-18,Minnesota Timberwolves,Utah Jazz,147,111,Final,43,20,27,49,0.614,0.29,1,3,1,0,36
401810860,2026-03-18,New Orleans Pelicans,LA Clippers,124,109,Final,24,34,46,35,0.343,0.493,2,2,0,0,15
401810861,2026-03-18,Dallas Mavericks,Atlanta Hawks,120,135,Final,23,38,47,31,0.329,0.551,2,2,0,0,-15
401858693,2026-03-18,Memphis Grizzlies,Denver Nuggets,125,118,Final,24,42,44,28,0.353,0.6,2,1,0,1,7
401810862,2026-03-18,Houston Rockets,Los Angeles Lakers,116,124,Final,41,44,27,25,0.603,0.638,2,2,0,0,-8
401810863,2026-03-19,Charlotte Hornets,Orlando Magic,130,111,Final,36,38,34,31,0.514,0.551,2,2,0,0,19
401810864,2026-03-19,Washington Wizards,Detroit Pistons,95,117,Final,16,50,53,19,0.232,0.725,2,2,0,0,-22
401810865,2026-03-19,Miami Heat,Los Angeles Lakers,126,134,Final,38,45,32,25,0.543,0.643,2,1,0,1,-8
401810866,2026-03-19,Chicago Bulls,Cleveland Cavaliers,110,115,Final,28,43,42,27,0.4,0.614,1,2,1,0,-5
401810867,2026-03-19,New Orleans Pelicans,LA Clippers,105,99,Final,25,34,46,36,0.352,0.486,1,1,1,1,6
401810868,2026-03-19,San Antonio Spurs,Phoenix Suns,101,100,Final,52,39,18,31,0.743,0.557,2,2,0,0,1
401810869,2026-03-19,Utah Jazz,Milwaukee Bucks,128,96,Final,21,28,49,41,0.3,0.406,1,2,1,0,32
401810870,2026-03-19,Sacramento Kings,Philadelphia 76ers,118,139,Final,18,38,53,32,0.254,0.543,2,2,0,0,-21
401810871,2026-03-20,Brooklyn Nets,New York Knicks,92,93,Final,17,46,53,25,0.243,0.648,2,3,0,0,-1
401810872,2026-03-20,Detroit Pistons,Golden State Warriors,115,101,Final,51,33,19,37,0.729,0.471,1,2,1,0,14
401810873,2026-03-20,Houston Rockets,Atlanta Hawks,117,95,Final,42,38,27,32,0.609,0.543,2,2,0,0,22
401810874,2026-03-20,Memphis Grizzlies,Boston Celtics,112,117,Final,24,47,45,23,0.348,0.671,2,2,0,0,-5
401810875,2026-03-20,Minnesota Timberwolves,Portland Trail Blazers,104,108,Final,43,35,28,36,0.606,0.493,2,2,0,0,-4
401810876,2026-03-20,Denver Nuggets,Toronto Raptors,121,115,Final,43,39,28,30,0.606,0.565,2,2,0,0,6
401810877,2026-03-21,Washington Wizards,Oklahoma City Thunder,111,132,Final,16,56,54,15,0.229,0.789,2,3,0,0,-21
401810878,2026-03-21,Charlotte Hornets,Memphis Grizzlies,124,101,Final,37,24,34,46,0.521,0.343,2,1,0,1,23
401810879,2026-03-21,Orlando Magic,Los Angeles Lakers,104,105,Final,38,46,32,25,0.543,0.648,2,2,0,0,-1
401810880,2026-03-21,New Orleans Pelicans,Cleveland Cavaliers,106,111,Final,25,44,47,27,0.347,0.62,2,2,0,0,-5
401810881,2026-03-21,Atlanta Hawks,Golden State Warriors,126,110,Final,39,33,32,38,0.549,0.465,1,1,1,1,16
401810882,2026-03-21,Houston Rockets,Miami Heat,123,122,Final,43,38,27,33,0.614,0.535,1,2,1,0,1
401810883,2026-03-21,San Antonio Spurs,Indiana Pacers,134,119,Final,53,15,18,56,0.746,0.211,2,3,0,0,15
401810884,2026-03-21,Dallas Mavericks,LA Clippers,131,138,Final,23,35,48,36,0.324,0.493,3,2,0,0,-7
401810885,2026-03-21,Utah Jazz,Philadelphia 76ers,116,126,Final,21,39,50,32,0.296,0.549,2,2,0,0,-10
401810886,2026-03-21,Phoenix Suns,Milwaukee Bucks,105,108,Final,39,29,32,41,0.549,0.414,2,2,0,0,-3
401810887,2026-03-22,Denver Nuggets,Portland Trail Blazers,128,112,Final,44,35,28,37,0.611,0.486,2,2,0,0,16
401810888,2026-03-22,Sacramento Kings,Brooklyn Nets,126,122,Final,19,17,53,54,0.264,0.239,3,2,0,0,4
401810889,2026-03-22,New York Knicks,Washington Wizards,145,113,Final,47,16,25,55,0.653,0.225,2,1,0,1,32
401810890,2026-03-22,Boston Celtics,Minnesota Timberwolves,92,102,Final,47,44,24,28,0.662,0.611,2,2,0,0,-10
401810891,2026-03-22,Phoenix Suns,Toronto Raptors,120,98,Final,40,39,32,31,0.556,0.557,1,2,1,0,22
401810893,2026-03-23,Detroit Pistons,Los Angeles Lakers,113,110,Final,52,46,19,26,0.732,0.639,3,2,0,0,3
401810894,2026-03-23,Orlando Magic,Indiana Pacers,126,128,Final,38,16,33,56,0.535,0.222,2,2,0,0,-2
401810895,2026-03-23,Philadelphia 76ers,Oklahoma City Thunder,103,123,Final,39,57,33,15,0.542,0.792,2,2,0,0,-20
401810896,2026-03-23,Miami Heat,San Antonio Spurs,111,136,Final,38,54,34,18,0.528,0.75,2,2,0,0,-25
401810892,2026-03-23,Atlanta Hawks,Memphis Grizzlies,146,107,Final,40,24,32,47,0.556,0.338,2,2,0,0,39
401810897,2026-03-23,Chicago Bulls,Houston Rockets,132,124,Final,29,43,42,28,0.408,0.606,4,2,0,0,8
401810898,2026-03-23,Utah Jazz,Toronto Raptors,127,143,Final,21,40,51,31,0.292,0.563,2,1,0,1,-16
401810899,2026-03-23,Dallas Mavericks,Golden State Warriors,131,137,Final,23,34,49,38,0.319,0.472,2,2,0,0,-6
401810900,2026-03-23,Portland Trail Blazers,Brooklyn Nets,134,99,Final,36,17,37,55,0.493,0.236,1,1,1,1,35
401810901,2026-03-23,LA Clippers,Milwaukee Bucks,129,96,Final,36,29,36,42,0.5,0.408,2,2,0,0,33
401810902,2026-03-24,Charlotte Hornets,Sacramento Kings,134,90,Final,38,19,34,54,0.528,0.26,3,2,0,0,44
401810903,2026-03-24,New York Knicks,New Orleans Pelicans,121,116,Final,48,25,25,48,0.658,0.342,2,3,0,0,5
401810904,2026-03-24,Cleveland Cavaliers,Orlando Magic,136,131,Final,45,38,27,34,0.625,0.528,3,1,0,1,5
401810905,2026-03-24,Phoenix Suns,Denver Nuggets,123,125,Final,40,45,33,28,0.548,0.616,2,2,0,0,-2
401810906,2026-03-25,Detroit Pistons,Atlanta Hawks,129,130,Final,52,41,20,32,0.722,0.562,2,2,0,0,-1
401810907,2026-03-25,Indiana Pacers,Los Angeles Lakers,130,137,Final,16,47,57,26,0.219,0.644,2,2,0,0,-7
401810908,2026-03-25,Philadelphia 76ers,Chicago Bulls,157,137,Final,40,29,33,43,0.548,0.403,2,2,0,0,20
401810909,2026-03-25,Boston Celtics,Oklahoma City Thunder,119,109,Final,48,57,24,16,0.667,0.781,3,2,0,0,10
401810910,2026-03-25,Cleveland Cavaliers,Miami Heat,103,120,Final,45,39,28,34,0.616,0.534,1,2,1,0,-17
401810911,2026-03-25,Memphis Grizzlies,San Antonio Spurs,98,123,Final,24,55,48,18,0.333,0.753,2,2,0,0,-25
401810912,2026-03-25,Utah Jazz,Washington Wizards,110,133,Final,21,17,52,55,0.288,0.236,2,3,0,0,-23
401810913,2026-03-25,Minnesota Timberwolves,Houston Rockets,110,108,Final,45,43,28,29,0.616,0.597,3,2,0,0,2
401810914,2026-03-25,Denver Nuggets,Dallas Mavericks,142,135,Final,46,23,28,50,0.622,0.315,1,2,1,0,7
401810915,2026-03-25,Golden State Warriors,Brooklyn Nets,109,106,Final,35,17,38,56,0.479,0.233,2,2,0,0,3
401810916,2026-03-25,Portland Trail Blazers,Milwaukee Bucks,130,99,Final,37,29,37,43,0.5,0.403,2,2,0,0,31
401810917,2026-03-25,LA Clippers,Toronto Raptors,119,94,Final,37,40,36,32,0.507,0.556,2,2,0,0,25
401810918,2026-03-26,Charlotte Hornets,New York Knicks,114,103,Final,39,48,34,26,0.534,0.649,2,2,0,0,11
401810919,2026-03-26,Detroit Pistons,New Orleans Pelicans,129,108,Final,53,25,20,49,0.726,0.338,1,2,1,0,21
401810920,2026-03-26,Orlando Magic,Sacramento Kings,121,117,Final,39,19,34,55,0.534,0.257,2,2,0,0,4
401810921,2026-03-27,Indiana Pacers,LA Clippers,113,114,Final,16,38,58,36,0.216,0.514,2,2,0,0,-1
401810922,2026-03-27,Boston Celtics,Atlanta Hawks,109,102,Final,49,41,24,33,0.671,0.554,2,2,0,0,7
401810923,2026-03-27,Cleveland Cavaliers,Miami Heat,149,128,Final,46,39,28,35,0.622,0.527,2,2,0,0,21
401810924,2026-03-27,Memphis Grizzlies,Houston Rockets,109,119,Final,24,44,49,29,0.329,0.603,2,2,0,0,-10
401810925,2026-03-27,Oklahoma City Thunder,Chicago Bulls,131,113,Final,58,29,16,44,0.784,0.397,2,2,0,0,18
401810926,2026-03-27,Toronto Raptors,New Orleans Pelicans,119,106,Final,41,25,32,50,0.562,0.333,2,1,0,1,13
401810927,2026-03-27,Denver Nuggets,Utah Jazz,135,129,Final,47,21,28,53,0.627,0.284,2,2,0,0,6
401810928,2026-03-27,Golden State Warriors,Washington Wizards,131,126,Final,36,17,38,56,0.486,0.233,2,2,0,0,5
401810929,2026-03-27,Portland Trail Blazers,Dallas Mavericks,93,100,Final,37,24,38,50,0.493,0.324,2,2,0,0,-7
401810930,2026-03-27,Los Angeles Lakers,Brooklyn Nets,116,99,Final,48,17,26,57,0.649,0.23,2,2,0,0,17
401810931,2026-03-28,Milwaukee Bucks,San Antonio Spurs,95,127,Final,29,56,44,18,0.397,0.757,3,3,0,0,-32
401810935,2026-03-28,Minnesota Timberwolves,Detroit Pistons,87,109,Final,45,54,29,20,0.608,0.73,3,2,0,0,-22
401810932,2026-03-28,Charlotte Hornets,Philadelphia 76ers,114,118,Final,39,41,35,33,0.527,0.554,2,3,0,0,-4
401810933,2026-03-28,Atlanta Hawks,Sacramento Kings,123,113,Final,42,19,33,56,0.56,0.253,1,2,1,0,10
401810934,2026-03-28,Memphis Grizzlies,Chicago Bulls,125,124,Final,25,29,49,45,0.338,0.392,1,1,1,1,1
401810936,2026-03-28,Phoenix Suns,Utah Jazz,134,109,Final,41,21,33,54,0.554,0.28,4,1,0,1,25
401810937,2026-03-29,Milwaukee Bucks,LA Clippers,113,127,Final,29,39,45,36,0.392,0.52,1,2,1,0,-14
401810938,2026-03-29,Indiana Pacers,Miami Heat,135,118,Final,17,39,58,36,0.227,0.52,2,2,0,0,17
401810939,2026-03-29,Brooklyn Nets,Sacramento Kings,116,99,Final,18,19,57,57,0.24,0.25,2,1,0,1,17
401810940,2026-03-29,Charlotte Hornets,Boston Celtics,99,114,Final,39,50,36,24,0.52,0.676,1,2,1,0,-15
401810941,2026-03-29,Toronto Raptors,Orlando Magic,139,87,Final,42,39,32,35,0.568,0.527,2,3,0,0,52
401810942,2026-03-29,Portland Trail Blazers,Washington Wizards,123,88,Final,38,17,38,57,0.5,0.23,2,2,0,0,35
401810943,2026-03-29,New Orleans Pelicans,Houston Rockets,102,134,Final,25,45,51,29,0.329,0.608,2,2,0,0,-32
401810944,2026-03-29,Oklahoma City Thunder,New York Knicks,111,100,Final,59,48,16,27,0.787,0.64,2,3,0,0,11
401810945,2026-03-29,Denver Nuggets,Golden State Warriors,116,93,Final,48,36,28,39,0.632,0.48,2,2,0,0,23
401810946,2026-03-30,Miami Heat,Philadelphia 76ers,119,109,Final,40,41,36,34,0.526,0.547,1,2,1,0,10
401810947,2026-03-30,Atlanta Hawks,Boston Celtics,112,102,Final,43,50,33,25,0.566,0.667,2,1,0,1,10
401810948,2026-03-30,Memphis Grizzlies,Phoenix Suns,105,131,Final,25,42,50,33,0.333,0.56,2,2,0,0,-26
401810949,2026-03-30,San Antonio Spurs,Chicago Bulls,129,114,Final,57,29,18,46,0.76,0.387,2,2,0,0,15
401810950,2026-03-30,Dallas Mavericks,Minnesota Timberwolves,94,124,Final,24,46,51,29,0.32,0.613,3,2,0,0,-30
401810951,2026-03-30,Utah Jazz,Cleveland Cavaliers,113,122,Final,21,47,55,28,0.276,0.627,2,3,0,0,-9
401810952,2026-03-30,Oklahoma City Thunder,Detroit Pistons,114,110,Final,60,54,16,21,0.789,0.72,1,2,1,0,4
401810953,2026-03-30,Los Angeles Lakers,Washington Wizards,120,101,Final,49,17,26,58,0.653,0.227,3,1,0,1,19
401810954,2026-03-31,Orlando Magic,Phoenix Suns,115,111,Final,40,42,35,34,0.533,0.553,2,1,0,1,4
401810955,2026-03-31,Brooklyn Nets,Charlotte Hornets,86,117,Final,18,40,58,36,0.237,0.526,2,2,0,0,-31
401810956,2026-03-31,Detroit Pistons,Toronto Raptors,127,116,Final,55,42,21,33,0.724,0.56,1,2,1,0,11
401810957,2026-03-31,Houston Rockets,New York Knicks,111,94,Final,46,48,29,28,0.613,0.632,2,2,0,0,17
401858694,2026-03-31,Milwaukee Bucks,Dallas Mavericks,123,99,Final,30,24,45,52,0.4,0.316,2,1,0,1,24
401810958,2026-03-31,Los Angeles Lakers,Cleveland Cavaliers,127,113,Final,50,47,26,29,0.658,0.618,1,1,1,1,14
401810959,2026-03-31,LA Clippers,Portland Trail Blazers,104,114,Final,39,39,37,38,0.513,0.506,2,2,0,0,-10
401810960,2026-04-01,Washington Wizards,Philadelphia 76ers,131,153,Final,17,42,59,34,0.224,0.553,2,2,0,0,-22
401810962,2026-04-01,Orlando Magic,Atlanta Hawks,101,130,Final,40,44,36,33,0.526,0.571,1,2,1,0,-29
401810961,2026-04-01,Miami Heat,Boston Celtics,129,147,Final,40,51,37,25,0.519,0.671,2,2,0,0,-18
401810858,2026-04-01,Memphis Grizzlies,New York Knicks,119,130,Final,25,49,51,28,0.329,0.636,2,1,0,1,-11
401810963,2026-04-01,Toronto Raptors,Sacramento Kings,115,123,Final,42,20,34,57,0.553,0.26,1,3,1,0,-8
401810964,2026-04-01,Chicago Bulls,Indiana Pacers,126,145,Final,29,18,47,58,0.382,0.237,2,3,0,0,-19
401810965,2026-04-01,Houston Rockets,Milwaukee Bucks,119,113,Final,47,30,29,46,0.618,0.395,1,1,1,1,6
401810967,2026-04-01,Utah Jazz,Denver Nuggets,117,130,Final,21,49,56,28,0.273,0.636,2,3,0,0,-13
401810968,2026-04-01,Golden State Warriors,San Antonio Spurs,113,127,Final,36,58,40,18,0.474,0.763,3,2,0,0,-14
401810969,2026-04-02,Charlotte Hornets,Phoenix Suns,127,107,Final,41,42,36,35,0.532,0.545,2,2,0,0,20
401810970,2026-04-02,Detroit Pistons,Minnesota Timberwolves,113,108,Final,56,46,21,30,0.727,0.605,2,3,0,0,5
401810971,2026-04-02,Oklahoma City Thunder,Los Angeles Lakers,139,96,Final,61,50,16,27,0.792,0.649,3,2,0,0,43
401810972,2026-04-02,Golden State Warriors,Cleveland Cavaliers,111,118,Final,36,48,41,29,0.468,0.623,1,2,1,0,-7
401810973,2026-04-02,Portland Trail Blazers,New Orleans Pelicans,118,106,Final,40,25,38,52,0.513,0.325,2,4,0,0,12
401810974,2026-04-02,LA Clippers,San Antonio Spurs,99,118,Final,39,59,38,18,0.506,0.766,2,1,0,1,-19
401810975,2026-04-03,Charlotte Hornets,Indiana Pacers,129,108,Final,42,18,36,59,0.538,0.234,1,2,1,0,21
401810976,2026-04-03,Philadelphia 76ers,Minnesota Timberwolves,115,103,Final,43,46,34,31,0.558,0.597,2,1,0,1,12
401810977,2026-04-03,Brooklyn Nets,Atlanta Hawks,107,141,Final,18,45,59,33,0.234,0.577,3,2,0,0,-34
401810978,2026-04-03,New York Knicks,Chicago Bulls,136,96,Final,50,29,28,48,0.641,0.377,2,2,0,0,40
401810979,2026-04-03,Houston Rockets,Utah Jazz,140,106,Final,48,21,29,57,0.623,0.269,2,2,0,0,34
401810980,2026-04-03,Memphis Grizzlies,Toronto Raptors,96,128,Final,25,43,52,34,0.325,0.558,2,2,0,0,-32
401810981,2026-04-03,Milwaukee Bucks,Boston Celtics,101,133,Final,30,52,47,25,0.39,0.675,2,2,0,0,-32
401810982,2026-04-03,Dallas Mavericks,Orlando Magic,127,138,Final,24,41,53,36,0.312,0.532,3,2,0,0,-11
401810983,2026-04-03,Sacramento Kings,New Orleans Pelicans,117,113,Final,21,25,57,53,0.269,0.321,2,1,0,1,4
401810984,2026-04-04,Miami Heat,Washington Wizards,152,136,Final,41,17,37,60,0.526,0.221,3,3,0,0,16
401810985,2026-04-04,Denver Nuggets,San Antonio Spurs,136,134,Final,50,59,28,19,0.641,0.756,3,2,0,0,2
401810986,2026-04-04,Philadelphia 76ers,Detroit Pistons,93,116,Final,43,57,35,21,0.551,0.731,1,2,1,0,-23
401810987,2026-04-05,Boston Celtics,Toronto Raptors,115,101,Final,53,43,25,35,0.679,0.551,2,2,0,0,14
401810988,2026-04-05,Brooklyn Nets,Washington Wizards,121,115,Final,19,17,59,61,0.244,0.218,2,1,0,1,6
401810989,2026-04-05,Chicago Bulls,Phoenix Suns,110,120,Final,29,43,49,35,0.372,0.551,2,3,0,0,-10
401810990,2026-04-05,Milwaukee Bucks,Memphis Grizzlies,131,115,Final,31,25,47,53,0.397,0.321,2,2,0,0,16
401810991,2026-04-05,Cleveland Cavaliers,Indiana Pacers,117,108,Final,49,18,29,60,0.628,0.231,3,2,0,0,9
401810992,2026-04-05,Minnesota Timberwolves,Charlotte Hornets,108,122,Final,46,43,32,36,0.59,0.544,2,2,0,0,-14
401810993,2026-04-05,New Orleans Pelicans,Orlando Magic,108,112,Final,25,42,54,36,0.316,0.538,2,2,0,0,-4
401810994,2026-04-05,Oklahoma City Thunder,Utah Jazz,146,111,Final,62,21,16,58,0.795,0.266,3,2,0,0,35
401810995,2026-04-05,Dallas Mavericks,Los Angeles Lakers,134,128,Final,25,50,53,28,0.321,0.641,2,3,0,0,6
401810996,2026-04-05,Sacramento Kings,LA Clippers,109,138,Final,21,40,58,38,0.266,0.513,2,3,0,0,-29
401810997,2026-04-05,Golden State Warriors,Houston Rockets,116,117,Final,36,49,42,29,0.462,0.628,3,2,0,0,-1
401810998,2026-04-06,Atlanta Hawks,New York Knicks,105,108,Final,45,51,34,28,0.57,0.646,3,3,0,0,-3
401810999,2026-04-06,Orlando Magic,Detroit Pistons,123,107,Final,43,57,36,22,0.544,0.722,1,2,1,0,16
401811000,2026-04-06,Memphis Grizzlies,Cleveland Cavaliers,126,142,Final,25,50,54,29,0.316,0.633,1,1,1,1,-16
401811001,2026-04-06,San Antonio Spurs,Philadelphia 76ers,115,102,Final,60,43,19,36,0.759,0.544,2,2,0,0,13
401811002,2026-04-06,Denver Nuggets,Portland Trail Blazers,137,132,Final,51,40,28,39,0.646,0.506,2,4,0,0,5
401811003,2026-04-07,Washington Wizards,Chicago Bulls,98,129,Final,17,30,62,49,0.215,0.38,2,2,0,0,-31
401811007,2026-04-07,Indiana Pacers,Minnesota Timberwolves,104,124,Final,18,47,61,32,0.228,0.595,2,2,0,0,-20
401811005,2026-04-07,Brooklyn Nets,Milwaukee Bucks,96,90,Final,20,31,59,48,0.253,0.392,2,2,0,0,6
401811006,2026-04-07,Toronto Raptors,Miami Heat,121,95,Final,44,41,35,38,0.557,0.519,2,3,0,0,26
401811004,2026-04-07,Boston Celtics,Charlotte Hornets,113,102,Final,54,43,25,37,0.684,0.537,2,2,0,0,11
401811008,2026-04-07,New Orleans Pelicans,Utah Jazz,156,137,Final,26,21,54,59,0.325,0.263,2,2,0,0,19
401811009,2026-04-07,Golden State Warriors,Sacramento Kings,110,105,Final,37,21,42,59,0.468,0.263,2,2,0,0,5
401811010,2026-04-07,Los Angeles Lakers,Oklahoma City Thunder,87,123,Final,50,63,29,16,0.633,0.797,2,2,0,0,-36
401811011,2026-04-07,LA Clippers,Dallas Mavericks,116,103,Final,41,25,38,54,0.519,0.316,2,2,0,0,13
401811012,2026-04-07,Phoenix Suns,Houston Rockets,105,119,Final,43,50,36,29,0.544,0.633,2,2,0,0,-14
401811013,2026-04-08,Cleveland Cavaliers,Atlanta Hawks,122,116,Final,51,45,29,35,0.637,0.562,2,2,0,0,6
401811014,2026-04-08,Orlando Magic,Minnesota Timberwolves,132,120,Final,44,47,36,33,0.55,0.588,2,1,0,1,12
401811015,2026-04-08,Detroit Pistons,Milwaukee Bucks,137,111,Final,58,31,22,49,0.725,0.388,2,1,0,1,26
401811017,2026-04-08,Denver Nuggets,Memphis Grizzlies,136,119,Final,52,25,28,55,0.65,0.312,2,2,0,0,17
401811016,2026-04-08,San Antonio Spurs,Portland Trail Blazers,112,101,Final,61,40,19,40,0.762,0.5,2,2,0,0,11
401811018,2026-04-08,LA Clippers,Oklahoma City Thunder,110,128,Final,41,64,39,16,0.512,0.8,1,1,1,1,-18
401811019,2026-04-08,Phoenix Suns,Dallas Mavericks,112,107,Final,44,25,36,55,0.55,0.312,1,1,1,1,5
401811020,2026-04-09,Toronto Raptors,Miami Heat,128,114,Final,45,41,35,39,0.562,0.512,2,2,0,0,14
401811021,2026-04-09,Washington Wizards,Chicago Bulls,108,119,Final,17,31,63,49,0.212,0.388,2,2,0,0,-11
401811022,2026-04-09,Brooklyn Nets,Indiana Pacers,94,123,Final,20,19,60,61,0.25,0.237,2,2,0,0,-29
401811023,2026-04-09,New York Knicks,Boston Celtics,112,106,Final,52,54,28,26,0.65,0.675,3,2,0,0,6
401811024,2026-04-09,Houston Rockets,Philadelphia 76ers,113,102,Final,51,43,29,37,0.637,0.537,2,3,0,0,11
401811025,2026-04-09,Golden State Warriors,Los Angeles Lakers,103,119,Final,37,51,43,29,0.463,0.637,2,2,0,0,-16
401811026,2026-04-10,Charlotte Hornets,Detroit Pistons,100,118,Final,43,59,38,22,0.531,0.728,3,2,0,0,-18
401811027,2026-04-10,Washington Wizards,Miami Heat,117,140,Final,17,42,64,39,0.21,0.519,1,1,1,1,-23
401811028,2026-04-10,Atlanta Hawks,Cleveland Cavaliers,124,102,Final,46,51,35,30,0.568,0.63,2,2,0,0,22
401811029,2026-04-10,Boston Celtics,New Orleans Pelicans,144,118,Final,55,26,26,55,0.679,0.321,1,3,1,0,26
401811030,2026-04-10,Indiana Pacers,Philadelphia 76ers,94,105,Final,19,44,62,37,0.235,0.543,1,1,1,1,-11
401811031,2026-04-10,New York Knicks,Toronto Raptors,112,95,Final,53,45,28,36,0.654,0.556,1,1,1,1,17
401811032,2026-04-10,Chicago Bulls,Orlando Magic,103,127,Final,31,45,50,36,0.383,0.556,1,2,1,0,-24
401811034,2026-04-10,Milwaukee Bucks,Brooklyn Nets,125,108,Final,32,20,49,61,0.395,0.247,2,1,0,1,17
401811035,2026-04-10,San Antonio Spurs,Dallas Mavericks,139,120,Final,62,25,19,56,0.765,0.309,2,2,0,0,19
401811037,2026-04-10,Denver Nuggets,Oklahoma City Thunder,127,107,Final,53,64,28,17,0.654,0.79,2,2,0,0,20
401811033,2026-04-10,Houston Rockets,Minnesota Timberwolves,132,136,Final,51,48,30,33,0.63,0.593,1,2,1,0,-4
401811036,2026-04-10,Utah Jazz,Memphis Grizzlies,147,101,Final,22,25,59,56,0.272,0.309,3,2,0,0,46
401811038,2026-04-10,Portland Trail Blazers,LA Clippers,116,97,Final,41,41,40,40,0.506,0.506,2,2,0,0,19
401811039,2026-04-10,Sacramento Kings,Golden State Warriors,124,118,Final,22,37,59,44,0.272,0.457,3,1,0,1,6
401811040,2026-04-10,Los Angeles Lakers,Phoenix Suns,101,73,Final,52,44,29,37,0.642,0.543,1,2,1,0,28
401811041,2026-04-12,Boston Celtics,Orlando Magic,113,108,Final,56,45,26,37,0.683,0.549,2,2,0,0,5
401811042,2026-04-12,Cleveland Cavaliers,Washington Wizards,130,117,Final,52,17,30,65,0.634,0.207,2,2,0,0,13
401811043,2026-04-12,Indiana Pacers,Detroit Pistons,121,133,Final,19,60,63,22,0.232,0.732,2,2,0,0,-12
401811044,2026-04-12,Miami Heat,Atlanta Hawks,143,117,Final,43,46,39,36,0.524,0.561,2,2,0,0,26
401811045,2026-04-12,New York Knicks,Charlotte Hornets,96,110,Final,53,44,29,38,0.646,0.537,2,2,0,0,-14
401811046,2026-04-12,Philadelphia 76ers,Milwaukee Bucks,126,106,Final,45,32,37,50,0.549,0.39,2,2,0,0,20
401811047,2026-04-12,Toronto Raptors,Brooklyn Nets,136,101,Final,46,20,36,62,0.561,0.244,2,2,0,0,35
401811048,2026-04-12,Dallas Mavericks,Chicago Bulls,149,128,Final,26,31,56,51,0.317,0.378,2,2,0,0,21
401811049,2026-04-12,Houston Rockets,Memphis Grizzlies,132,101,Final,52,25,30,57,0.634,0.305,2,2,0,0,31
401811050,2026-04-12,Minnesota Timberwolves,New Orleans Pelicans,132,126,Final,49,26,33,56,0.598,0.317,2,2,0,0,6
401811051,2026-04-12,Oklahoma City Thunder,Phoenix Suns,103,135,Final,64,45,18,37,0.78,0.549,2,2,0,0,-32
401811052,2026-04-12,San Antonio Spurs,Denver Nuggets,118,128,Final,62,54,20,28,0.756,0.659,2,2,0,0,-10
401811053,2026-04-12,Los Angeles Lakers,Utah Jazz,131,107,Final,53,22,29,60,0.646,0.268,2,2,0,0,24
401811054,2026-04-12,LA Clippers,Golden State Warriors,115,110,Final,42,37,40,45,0.512,0.451,2,2,0,0,5
401811055,2026-04-12,Portland Trail Blazers,Sacramento Kings,122,110,Final,42,22,40,60,0.512,0.268,2,2,0,0,12
401866755,2026-04-14,Charlotte Hornets,Miami Heat,127,126,Final,44,43,38,39,0.537,0.524,2,2,0,0,1
401866754,2026-04-14,Phoenix Suns,Portland Trail Blazers,110,114,Final,45,42,37,40,0.549,0.512,2,2,0,0,-4
401866757,2026-04-15,Philadelphia 76ers,Orlando Magic,109,97,Final,45,45,37,37,0.549,0.549,3,3,0,0,12
401866756,2026-04-15,LA Clippers,Golden State Warriors,121,126,Final,42,37,40,45,0.512,0.451,3,3,0,0,-5
401866758,2026-04-17,Orlando Magic,Charlotte Hornets,121,90,Final,45,44,37,38,0.549,0.537,2,3,0,0,31
401866759,2026-04-17,Phoenix Suns,Golden State Warriors,111,96,Final,45,37,37,45,0.549,0.451,3,2,0,0,15
401869187,2026-04-18,Cleveland Cavaliers,Toronto Raptors,126,113,Final,52,46,30,36,0.634,0.561,6,6,0,0,13
401869188,2026-04-18,Denver Nuggets,Minnesota Timberwolves,116,105,Final,54,49,28,33,0.659,0.598,6,6,0,0,11
401869189,2026-04-18,New York Knicks,Atlanta Hawks,113,102,Final,53,46,29,36,0.646,0.561,6,6,0,0,11
401869190,2026-04-18,Los Angeles Lakers,Houston Rockets,107,98,Final,53,52,29,30,0.646,0.634,6,6,0,0,9
401869191,2026-04-19,Boston Celtics,Philadelphia 76ers,123,91,Final,56,45,26,37,0.683,0.549,7,4,0,0,32
401869192,2026-04-19,Oklahoma City Thunder,Phoenix Suns,119,84,Final,64,45,18,37,0.78,0.549,7,2,0,0,35
401869193,2026-04-19,Detroit Pistons,Orlando Magic,101,112,Final,60,45,22,37,0.732,0.549,7,2,0,0,-11
401869194,2026-04-19,San Antonio Spurs,Portland Trail Blazers,111,98,Final,62,42,20,40,0.756,0.512,7,5,0,0,13
401869369,2026-04-20,Cleveland Cavaliers,Toronto Raptors,115,105,Final,52,46,30,36,0.634,0.561,2,2,0,0,10
401869387,2026-04-20,New York Knicks,Atlanta Hawks,106,107,Final,53,46,29,36,0.646,0.561,2,2,0,0,-1
401869395,2026-04-20,Denver Nuggets,Minnesota Timberwolves,114,119,Final,54,49,28,33,0.659,0.598,2,2,0,0,-5
401869396,2026-04-21,Boston Celtics,Philadelphia 76ers,97,111,Final,56,45,26,37,0.683,0.549,2,2,0,0,-14
401869378,2026-04-21,San Antonio Spurs,Portland Trail Blazers,103,106,Final,62,42,20,40,0.756,0.512,2,2,0,0,-3
401869397,2026-04-21,Los Angeles Lakers,Houston Rockets,101,94,Final,53,52,29,30,0.646,0.634,3,3,0,0,7
401869411,2026-04-22,Detroit Pistons,Orlando Magic,98,83,Final,60,45,22,37,0.732,0.549,3,3,0,0,15
401869368,2026-04-22,Oklahoma City Thunder,Phoenix Suns,120,107,Final,64,45,18,37,0.78,0.549,3,3,0,0,13
401869389,2026-04-23,Atlanta Hawks,New York Knicks,109,108,Final,46,53,36,29,0.561,0.646,3,3,0,0,1
401869375,2026-04-23,Toronto Raptors,Cleveland Cavaliers,126,104,Final,46,52,36,30,0.561,0.634,3,3,0,0,22
401869398,2026-04-23,Minnesota Timberwolves,Denver Nuggets,113,96,Final,49,54,33,28,0.598,0.659,3,3,0,0,17
401869404,2026-04-24,Philadelphia 76ers,Boston Celtics,100,108,Final,45,56,37,26,0.549,0.683,3,3,0,0,-8
401869400,2026-04-24,Houston Rockets,Los Angeles Lakers,108,112,Final,52,53,30,29,0.634,0.646,3,3,0,0,-4
401869382,2026-04-24,Portland Trail Blazers,San Antonio Spurs,108,120,Final,42,62,40,20,0.512,0.756,3,3,0,0,-12
401869414,2026-04-25,Orlando Magic,Detroit Pistons,113,105,Final,45,60,37,22,0.549,0.732,3,3,0,0,8
401869370,2026-04-25,Phoenix Suns,Oklahoma City Thunder,109,121,Final,45,64,37,18,0.549,0.78,3,3,0,0,-12
401869391,2026-04-25,Atlanta Hawks,New York Knicks,98,114,Final,46,53,36,29,0.561,0.646,2,2,0,0,-16
401869399,2026-04-25,Minnesota Timberwolves,Denver Nuggets,112,96,Final,49,54,33,28,0.598,0.659,2,2,0,0,16
401869377,2026-04-26,Toronto Raptors,Cleveland Cavaliers,93,89,Final,46,52,36,30,0.561,0.634,3,3,0,0,4
401869385,2026-04-26,Portland Trail Blazers,San Antonio Spurs,93,114,Final,42,62,40,20,0.512,0.756,2,2,0,0,-21
401869406,2026-04-26,Philadelphia 76ers,Boston Celtics,96,128,Final,45,56,37,26,0.549,0.683,2,2,0,0,-32
401869405,2026-04-26,Houston Rockets,Los Angeles Lakers,115,96,Final,52,53,30,29,0.634,0.646,2,2,0,0,19
